index,first_frame,last_frame,prompt
00001,IntelligentVBench/images/Interpolative_DI2V/00001_first.png,IntelligentVBench/images/Interpolative_DI2V/00001_last.png,"Girl gestures, then crosses arms; boy listens, horse stands still."
00002,IntelligentVBench/images/Interpolative_DI2V/00002_first.png,IntelligentVBench/images/Interpolative_DI2V/00002_last.png,Eagle glides left to right against dawn/dusk sky with soft clouds.
00003,IntelligentVBench/images/Interpolative_DI2V/00003_first.png,IntelligentVBench/images/Interpolative_DI2V/00003_last.png,Camera tilts up to reveal giant anime girl's surprised face.
00004,IntelligentVBench/images/Interpolative_DI2V/00004_first.png,IntelligentVBench/images/Interpolative_DI2V/00004_last.png,"Man turns head toward camera, smiling subtly with mouth slightly open."
00005,IntelligentVBench/images/Interpolative_DI2V/00005_first.png,IntelligentVBench/images/Interpolative_DI2V/00005_last.png,"Child runs down hallway, turns left, and enters another room."
00006,IntelligentVBench/images/Interpolative_DI2V/00006_first.png,IntelligentVBench/images/Interpolative_DI2V/00006_last.png,"Scissors cut into red circles on paper, partially slicing them out."
00007,IntelligentVBench/images/Interpolative_DI2V/00007_first.png,IntelligentVBench/images/Interpolative_DI2V/00007_last.png,"Women shift from leaning to alertly looking upward, expressions of shock intensifying."
00008,IntelligentVBench/images/Interpolative_DI2V/00008_first.png,IntelligentVBench/images/Interpolative_DI2V/00008_last.png,Woman opens eyes and smiles while riding in car at night.
00009,IntelligentVBench/images/Interpolative_DI2V/00009_first.png,IntelligentVBench/images/Interpolative_DI2V/00009_last.png,"Players sprint joyfully toward camera, celebrating in unison on field."
00010,IntelligentVBench/images/Interpolative_DI2V/00010_first.png,IntelligentVBench/images/Interpolative_DI2V/00010_last.png,"Students maintain focus, one subtly shifts gaze downward to notebook."
00011,IntelligentVBench/images/Interpolative_DI2V/00011_first.png,IntelligentVBench/images/Interpolative_DI2V/00011_last.png,Woman's expression shifts from calm to concerned during intense conversation.
00012,IntelligentVBench/images/Interpolative_DI2V/00012_first.png,IntelligentVBench/images/Interpolative_DI2V/00012_last.png,"She looks down, then up with surprise and a slight smile."
00013,IntelligentVBench/images/Interpolative_DI2V/00013_first.png,IntelligentVBench/images/Interpolative_DI2V/00013_last.png,"Boy rolls over, sits up, and gestures excitedly while speaking."
00014,IntelligentVBench/images/Interpolative_DI2V/00014_first.png,IntelligentVBench/images/Interpolative_DI2V/00014_last.png,Boy walks toward red toy car as person passes by in background.
00015,IntelligentVBench/images/Interpolative_DI2V/00015_first.png,IntelligentVBench/images/Interpolative_DI2V/00015_last.png,"Man on motorcycle approaches camera steadily on sunny, curving rural road."
00016,IntelligentVBench/images/Interpolative_DI2V/00016_first.png,IntelligentVBench/images/Interpolative_DI2V/00016_last.png,"Woman covers face, then both hands, as man watches silently."
00017,IntelligentVBench/images/Interpolative_DI2V/00017_first.png,IntelligentVBench/images/Interpolative_DI2V/00017_last.png,Red car drives with characters; trailer with more characters appears behind.
00018,IntelligentVBench/images/Interpolative_DI2V/00018_first.png,IntelligentVBench/images/Interpolative_DI2V/00018_last.png,Camera pans from intense woman to man listening seriously.
00019,IntelligentVBench/images/Interpolative_DI2V/00019_first.png,IntelligentVBench/images/Interpolative_DI2V/00019_last.png,"Cap falls slowly, landing near formal shoes and heels on polished floor."
00020,IntelligentVBench/images/Interpolative_DI2V/00020_first.png,IntelligentVBench/images/Interpolative_DI2V/00020_last.png,Camera tilts up as man looks upward thoughtfully while speaking or singing.
00021,IntelligentVBench/images/Interpolative_DI2V/00021_first.png,IntelligentVBench/images/Interpolative_DI2V/00021_last.png,Man draws horizontal lines on whiteboard while facing it.
00022,IntelligentVBench/images/Interpolative_DI2V/00022_first.png,IntelligentVBench/images/Interpolative_DI2V/00022_last.png,Child inflates basketballs with red pump on carpet near couch.
00023,IntelligentVBench/images/Interpolative_DI2V/00023_first.png,IntelligentVBench/images/Interpolative_DI2V/00023_last.png,Blood splashes onto the shocked officer's uniform from above.
00024,IntelligentVBench/images/Interpolative_DI2V/00024_first.png,IntelligentVBench/images/Interpolative_DI2V/00024_last.png,Man's smile fades to surprise as he looks up attentively.
00025,IntelligentVBench/images/Interpolative_DI2V/00025_first.png,IntelligentVBench/images/Interpolative_DI2V/00025_last.png,"Dog shifts gaze, lifts paw, then settles back down in sunny garden."
00026,IntelligentVBench/images/Interpolative_DI2V/00026_first.png,IntelligentVBench/images/Interpolative_DI2V/00026_last.png,"Stork turns head up, revealing full bill and eye against blurred background."
00027,IntelligentVBench/images/Interpolative_DI2V/00027_first.png,IntelligentVBench/images/Interpolative_DI2V/00027_last.png,Blonde hero grins as foes raise hands in surrender amidst floating bubbles.
00028,IntelligentVBench/images/Interpolative_DI2V/00028_first.png,IntelligentVBench/images/Interpolative_DI2V/00028_last.png,"Hands cut mushrooms, then lift and inspect them before returning some to log."
00029,IntelligentVBench/images/Interpolative_DI2V/00029_first.png,IntelligentVBench/images/Interpolative_DI2V/00029_last.png,"Boy shifts gaze upward, revealing building as he speaks under sunny sky."
00030,IntelligentVBench/images/Interpolative_DI2V/00030_first.png,IntelligentVBench/images/Interpolative_DI2V/00030_last.png,"Man looks down thoughtfully, then wipes tears from his eyes."
00031,IntelligentVBench/images/Interpolative_DI2V/00031_first.png,IntelligentVBench/images/Interpolative_DI2V/00031_last.png,Camera zooms out from oil cap to reveal full BMW engine bay.
00032,IntelligentVBench/images/Interpolative_DI2V/00032_first.png,IntelligentVBench/images/Interpolative_DI2V/00032_last.png,"Girl shows toy, boy watches, then both sit to play together."
00033,IntelligentVBench/images/Interpolative_DI2V/00033_first.png,IntelligentVBench/images/Interpolative_DI2V/00033_last.png,"Camera pans right, capturing cars and storefronts under cloudy skies."
00034,IntelligentVBench/images/Interpolative_DI2V/00034_first.png,IntelligentVBench/images/Interpolative_DI2V/00034_last.png,Pan left from glassware case to reveal stone alley with plants and shops.
00035,IntelligentVBench/images/Interpolative_DI2V/00035_first.png,IntelligentVBench/images/Interpolative_DI2V/00035_last.png,"Camera pans left, revealing tourists with umbrellas walking past temple structures."
00036,IntelligentVBench/images/Interpolative_DI2V/00036_first.png,IntelligentVBench/images/Interpolative_DI2V/00036_last.png,"Camera pans left, revealing seawall, cars, and distant hills under cloudy sky."
00037,IntelligentVBench/images/Interpolative_DI2V/00037_first.png,IntelligentVBench/images/Interpolative_DI2V/00037_last.png,"Camera pans left, revealing the traffic."
00038,IntelligentVBench/images/Interpolative_DI2V/00038_first.png,IntelligentVBench/images/Interpolative_DI2V/00038_last.png,"From traffic light to historic building, capturing city life in motion."
00039,IntelligentVBench/images/Interpolative_DI2V/00039_first.png,IntelligentVBench/images/Interpolative_DI2V/00039_last.png,"Car moves forward on highway, passing under signs and alongside trucks."
00040,IntelligentVBench/images/Interpolative_DI2V/00040_first.png,IntelligentVBench/images/Interpolative_DI2V/00040_last.png,"Man uses phone, then buys food from vendor under beach umbrellas."
00041,IntelligentVBench/images/Interpolative_DI2V/00041_first.png,IntelligentVBench/images/Interpolative_DI2V/00041_last.png,"Walking under stone archway, tourists ahead, shadows lengthen as camera advances."
00042,IntelligentVBench/images/Interpolative_DI2V/00042_first.png,IntelligentVBench/images/Interpolative_DI2V/00042_last.png,Man subtly tilts head back while listening intently with eyes closed.
00043,IntelligentVBench/images/Interpolative_DI2V/00043_first.png,IntelligentVBench/images/Interpolative_DI2V/00043_last.png,"Camera moves from behind men into empty, sunlit alley toward distant archway."
00044,IntelligentVBench/images/Interpolative_DI2V/00044_first.png,IntelligentVBench/images/Interpolative_DI2V/00044_last.png,"Man ties shoes, adjusts outfit, then faces camera confidently in closet."
00045,IntelligentVBench/images/Interpolative_DI2V/00045_first.png,IntelligentVBench/images/Interpolative_DI2V/00045_last.png,Woman's smile fades to concern as she turns to speak urgently.
00046,IntelligentVBench/images/Interpolative_DI2V/00046_first.png,IntelligentVBench/images/Interpolative_DI2V/00046_last.png,"Boys flee as angry man gestures, then turns away, leaving empty hallway."
00047,IntelligentVBench/images/Interpolative_DI2V/00047_first.png,IntelligentVBench/images/Interpolative_DI2V/00047_last.png,"Hand removes gingerbread house cookie, leaving empty lime green plate."
00048,IntelligentVBench/images/Interpolative_DI2V/00048_first.png,IntelligentVBench/images/Interpolative_DI2V/00048_last.png,"Girl sways and gestures while singing, ending with a turn away."
00049,IntelligentVBench/images/Interpolative_DI2V/00049_first.png,IntelligentVBench/images/Interpolative_DI2V/00049_last.png,"They smile, then fall into the water, splashing and submerging completely."
00050,IntelligentVBench/images/Interpolative_DI2V/00050_first.png,IntelligentVBench/images/Interpolative_DI2V/00050_last.png,Scissors slice litchi; hand peels back skin to reveal juicy white flesh.
00051,IntelligentVBench/images/Interpolative_DI2V/00051_first.png,IntelligentVBench/images/Interpolative_DI2V/00051_last.png,"Man lifts phone to ear, shifting from thoughtfulness to focused concern."
00052,IntelligentVBench/images/Interpolative_DI2V/00052_first.png,IntelligentVBench/images/Interpolative_DI2V/00052_last.png,"Woman turns away, man remains shocked amid tall grass."
00053,IntelligentVBench/images/Interpolative_DI2V/00053_first.png,IntelligentVBench/images/Interpolative_DI2V/00053_last.png,Camera zooms in on book as man reads to Elmo and Cookie Monster.
00054,IntelligentVBench/images/Interpolative_DI2V/00054_first.png,IntelligentVBench/images/Interpolative_DI2V/00054_last.png,"Rabbit dances as camera pulls back, revealing more playground."
00055,IntelligentVBench/images/Interpolative_DI2V/00055_first.png,IntelligentVBench/images/Interpolative_DI2V/00055_last.png,"Camera pans left, revealing a second character at the table."
00056,IntelligentVBench/images/Interpolative_DI2V/00056_first.png,IntelligentVBench/images/Interpolative_DI2V/00056_last.png,Camera tilts up from basketball to reveal focused men's faces.
00057,IntelligentVBench/images/Interpolative_DI2V/00057_first.png,IntelligentVBench/images/Interpolative_DI2V/00057_last.png,"Hands lift rice mound, grains cascade down in slow motion."
00058,IntelligentVBench/images/Interpolative_DI2V/00058_first.png,IntelligentVBench/images/Interpolative_DI2V/00058_last.png,Red sauce pours over grilled fish and leeks in a steaming pot.
00059,IntelligentVBench/images/Interpolative_DI2V/00059_first.png,IntelligentVBench/images/Interpolative_DI2V/00059_last.png,Camera tilts up to reveal two women's faces at a party.
00060,IntelligentVBench/images/Interpolative_DI2V/00060_first.png,IntelligentVBench/images/Interpolative_DI2V/00060_last.png,Emotional woman transitions from teary-eyed to smiling warmly at camera.
00061,IntelligentVBench/images/Interpolative_DI2V/00061_first.png,IntelligentVBench/images/Interpolative_DI2V/00061_last.png,Girl in red cloak falls after being pushed by goats.
00062,IntelligentVBench/images/Interpolative_DI2V/00062_first.png,IntelligentVBench/images/Interpolative_DI2V/00062_last.png,"Camera zooms out, revealing more of the school and surroundings."
00063,IntelligentVBench/images/Interpolative_DI2V/00063_first.png,IntelligentVBench/images/Interpolative_DI2V/00063_last.png,"Blue character emerges, followed by others, as guards hold torches."
00064,IntelligentVBench/images/Interpolative_DI2V/00064_first.png,IntelligentVBench/images/Interpolative_DI2V/00064_last.png,"Brown-haired girl watches pink-haired woman leave, then reacts with surprise and sadness."
00065,IntelligentVBench/images/Interpolative_DI2V/00065_first.png,IntelligentVBench/images/Interpolative_DI2V/00065_last.png,"Camera zooms out to reveal horse, fence, and water barrel in sunny yard."
00066,IntelligentVBench/images/Interpolative_DI2V/00066_first.png,IntelligentVBench/images/Interpolative_DI2V/00066_last.png,"The solo rabbit meets three others, forming a group in the forest."
00067,IntelligentVBench/images/Interpolative_DI2V/00067_first.png,IntelligentVBench/images/Interpolative_DI2V/00067_last.png,Silver Golf GTI drives away along winding forest road.
00068,IntelligentVBench/images/Interpolative_DI2V/00068_first.png,IntelligentVBench/images/Interpolative_DI2V/00068_last.png,"Girl picks pea pod, shifts from surprise to joyful smile."
00069,IntelligentVBench/images/Interpolative_DI2V/00069_first.png,IntelligentVBench/images/Interpolative_DI2V/00069_last.png,"Camera tilts down, revealing tree in bucket with red berries."
00070,IntelligentVBench/images/Interpolative_DI2V/00070_first.png,IntelligentVBench/images/Interpolative_DI2V/00070_last.png,"Two men exit red Tesla, walk away on brick driveway."
00071,IntelligentVBench/images/Interpolative_DI2V/00071_first.png,IntelligentVBench/images/Interpolative_DI2V/00071_last.png,"Presenter gestures broadly, then focuses on headset box while speaking."
00072,IntelligentVBench/images/Interpolative_DI2V/00072_first.png,IntelligentVBench/images/Interpolative_DI2V/00072_last.png,"Rabbit climbs down, group gathers, all look off-screen together."
00073,IntelligentVBench/images/Interpolative_DI2V/00073_first.png,IntelligentVBench/images/Interpolative_DI2V/00073_last.png,Man leans closer to inspect pink penny-farthing's lower components.
00074,IntelligentVBench/images/Interpolative_DI2V/00074_first.png,IntelligentVBench/images/Interpolative_DI2V/00074_last.png,Gloved hand adds red chili flakes to cheese-topped meatballs on wooden platter.
00075,IntelligentVBench/images/Interpolative_DI2V/00075_first.png,IntelligentVBench/images/Interpolative_DI2V/00075_last.png,Hands with wedding rings gently touch fingertips against colorful graffiti.
00076,IntelligentVBench/images/Interpolative_DI2V/00076_first.png,IntelligentVBench/images/Interpolative_DI2V/00076_last.png,Vehicles drive past tall buildings on a sunny city street.
00077,IntelligentVBench/images/Interpolative_DI2V/00077_first.png,IntelligentVBench/images/Interpolative_DI2V/00077_last.png,"Geese and ducks forage, shifting positions on grassy riverbank."
00078,IntelligentVBench/images/Interpolative_DI2V/00078_first.png,IntelligentVBench/images/Interpolative_DI2V/00078_last.png,The girl lifts her head as the cat Pokémon moves beside her.
00079,IntelligentVBench/images/Interpolative_DI2V/00079_first.png,IntelligentVBench/images/Interpolative_DI2V/00079_last.png,"Character rides scooter, holds spinning cone, expression shifts from happy to tired."
00080,IntelligentVBench/images/Interpolative_DI2V/00080_first.png,IntelligentVBench/images/Interpolative_DI2V/00080_last.png,"Person places batter-filled dish in oven, then closes the door."
00081,IntelligentVBench/images/Interpolative_DI2V/00081_first.png,IntelligentVBench/images/Interpolative_DI2V/00081_last.png,"Slug stirs, lifts head, looks dazed, and settles back down tied up."
00082,IntelligentVBench/images/Interpolative_DI2V/00082_first.png,IntelligentVBench/images/Interpolative_DI2V/00082_last.png,"Red dog exits house, smiles at bear holding blue block."
00083,IntelligentVBench/images/Interpolative_DI2V/00083_first.png,IntelligentVBench/images/Interpolative_DI2V/00083_last.png,Camera shifts from woman at vanity to man applying lotion.
00084,IntelligentVBench/images/Interpolative_DI2V/00084_first.png,IntelligentVBench/images/Interpolative_DI2V/00084_last.png,"Puppi and Chocobo skate together, then stop smiling at the camera."
00085,IntelligentVBench/images/Interpolative_DI2V/00085_first.png,IntelligentVBench/images/Interpolative_DI2V/00085_last.png,"Camera pans right, revealing all three vehicles in a row."
00086,IntelligentVBench/images/Interpolative_DI2V/00086_first.png,IntelligentVBench/images/Interpolative_DI2V/00086_last.png,"Chopsticks lift kimchi and porridge, showcasing Korean dish textures and colors."
00087,IntelligentVBench/images/Interpolative_DI2V/00087_first.png,IntelligentVBench/images/Interpolative_DI2V/00087_last.png,"Man picks apple, then holds it while surveying orchard under cloudy sky."
00088,IntelligentVBench/images/Interpolative_DI2V/00088_first.png,IntelligentVBench/images/Interpolative_DI2V/00088_last.png,"Girl walks, stumbles, and falls backward onto couch in animated room."
00089,IntelligentVBench/images/Interpolative_DI2V/00089_first.png,IntelligentVBench/images/Interpolative_DI2V/00089_last.png,"Tire crushes yellow cup, spilling colorful liquids on wet asphalt."
00090,IntelligentVBench/images/Interpolative_DI2V/00090_first.png,IntelligentVBench/images/Interpolative_DI2V/00090_last.png,"Man turns, raises fists, steps back as camera pulls out in control room."
00091,IntelligentVBench/images/Interpolative_DI2V/00091_first.png,IntelligentVBench/images/Interpolative_DI2V/00091_last.png,"Rabbit spins, bear waves, hedgehogs jump, petals fall, mirror reflects, rabbit faces hedgehog."
00092,IntelligentVBench/images/Interpolative_DI2V/00092_first.png,IntelligentVBench/images/Interpolative_DI2V/00092_last.png,"Old man defeats boar with punch and kick, sending it crashing into bamboo."
00093,IntelligentVBench/images/Interpolative_DI2V/00093_first.png,IntelligentVBench/images/Interpolative_DI2V/00093_last.png,"Woman rises, walks left as camera tracks, breeze moves her hair and clothes."
00094,IntelligentVBench/images/Interpolative_DI2V/00094_first.png,IntelligentVBench/images/Interpolative_DI2V/00094_last.png,"Girl turns, faces sea, smiles as breeze flutters her hair and skirt."
00095,IntelligentVBench/images/Interpolative_DI2V/00095_first.png,IntelligentVBench/images/Interpolative_DI2V/00095_last.png,"Woman sips coffee, savors it, then smiles with tilted head."
00096,IntelligentVBench/images/Interpolative_DI2V/00096_first.png,IntelligentVBench/images/Interpolative_DI2V/00096_last.png,"Man performs skateboard trick, jumps, spins board, lands balanced on it."
00097,IntelligentVBench/images/Interpolative_DI2V/00097_first.png,IntelligentVBench/images/Interpolative_DI2V/00097_last.png,"Surfer adjusts stance, rides wave leftward, splashing water amid churning sea."
00098,IntelligentVBench/images/Interpolative_DI2V/00098_first.png,IntelligentVBench/images/Interpolative_DI2V/00098_last.png,"Hands roll mat, woman stands, walks away with mat under arm."
00099,IntelligentVBench/images/Interpolative_DI2V/00099_first.png,IntelligentVBench/images/Interpolative_DI2V/00099_last.png,"Ultraman gestures, raises arm, emits golden glow as camera reveals more details."
00100,IntelligentVBench/images/Interpolative_DI2V/00100_first.png,IntelligentVBench/images/Interpolative_DI2V/00100_last.png,"Couple embraces closely, woman strokes man's neck as camera zooms in."
00101,IntelligentVBench/images/Interpolative_DI2V/00101_first.png,IntelligentVBench/images/Interpolative_DI2V/00101_last.png,"Ride spins, geese turn heads, camera pans left to reveal park."
00102,IntelligentVBench/images/Interpolative_DI2V/00102_first.png,IntelligentVBench/images/Interpolative_DI2V/00102_last.png,"Camera rotates counterclockwise, showcasing Jeep's front grille and logo."
00103,IntelligentVBench/images/Interpolative_DI2V/00103_first.png,IntelligentVBench/images/Interpolative_DI2V/00103_last.png,"Woman lifts lamb repeatedly, holds it as camera shifts left, hair blows in wind."
00104,IntelligentVBench/images/Interpolative_DI2V/00104_first.png,IntelligentVBench/images/Interpolative_DI2V/00104_last.png,"Strawberries roll off pot, pile left as camera pans left, pot exits frame."
00105,IntelligentVBench/images/Interpolative_DI2V/00105_first.png,IntelligentVBench/images/Interpolative_DI2V/00105_last.png,"Man pets dog, then gazes back at camera as camera pulls back."
00106,IntelligentVBench/images/Interpolative_DI2V/00106_first.png,IntelligentVBench/images/Interpolative_DI2V/00106_last.png,"Camera shakes and rotates counterclockwise, revealing entire cake on plate."
00107,IntelligentVBench/images/Interpolative_DI2V/00107_first.png,IntelligentVBench/images/Interpolative_DI2V/00107_last.png,"Woman crosses arms above head, tilts head back right, camera zooms in."
00108,IntelligentVBench/images/Interpolative_DI2V/00108_first.png,IntelligentVBench/images/Interpolative_DI2V/00108_last.png,"Bird transitions from angry glare to intense, focused stare."
00109,IntelligentVBench/images/Interpolative_DI2V/00109_first.png,IntelligentVBench/images/Interpolative_DI2V/00109_last.png,"Camera pulls back as woman lifts head, masks sway around her."
00110,IntelligentVBench/images/Interpolative_DI2V/00110_first.png,IntelligentVBench/images/Interpolative_DI2V/00110_last.png,"Man bites sandwich, chews with squinted eyes as camera zooms in."
00111,IntelligentVBench/images/Interpolative_DI2V/00111_first.png,IntelligentVBench/images/Interpolative_DI2V/00111_last.png,"Woman lowers hand, raises camera, turns head left, and gazes upward."
00112,IntelligentVBench/images/Interpolative_DI2V/00112_first.png,IntelligentVBench/images/Interpolative_DI2V/00112_last.png,Elderly man exits; camera shifts to younger man turning right.
00113,IntelligentVBench/images/Interpolative_DI2V/00113_first.png,IntelligentVBench/images/Interpolative_DI2V/00113_last.png,"Man walks, picks object, stands, and talks to person."
00114,IntelligentVBench/images/Interpolative_DI2V/00114_first.png,IntelligentVBench/images/Interpolative_DI2V/00114_last.png,"Man walks from porch to courtyard, stops to speak with glasses-wearing person."
00115,IntelligentVBench/images/Interpolative_DI2V/00115_first.png,IntelligentVBench/images/Interpolative_DI2V/00115_last.png,Blonde woman pulls rope; dark-haired woman watches with concern as wind blows hair.
00116,IntelligentVBench/images/Interpolative_DI2V/00116_first.png,IntelligentVBench/images/Interpolative_DI2V/00116_last.png,"Man and woman meet on bridge, smiling and talking amidst city backdrop."
00117,IntelligentVBench/images/Interpolative_DI2V/00117_first.png,IntelligentVBench/images/Interpolative_DI2V/00117_last.png,Girl in burgundy picks up puppy as another girl runs smiling toward her.
00118,IntelligentVBench/images/Interpolative_DI2V/00118_first.png,IntelligentVBench/images/Interpolative_DI2V/00118_last.png,"Young person turns, points at document, and explains investigation details."
00119,IntelligentVBench/images/Interpolative_DI2V/00119_first.png,IntelligentVBench/images/Interpolative_DI2V/00119_last.png,"Woman in red jumpsuit walks toward excavator, glancing back while speaking."
00120,IntelligentVBench/images/Interpolative_DI2V/00120_first.png,IntelligentVBench/images/Interpolative_DI2V/00120_last.png,"Car races down canyon road, drone follows from above, dust trails behind."
00121,IntelligentVBench/images/Interpolative_DI2V/00121_first.png,IntelligentVBench/images/Interpolative_DI2V/00121_last.png,Man gestures to coach as players leave; he turns to continue talking.
00122,IntelligentVBench/images/Interpolative_DI2V/00122_first.png,IntelligentVBench/images/Interpolative_DI2V/00122_last.png,"Man retrieves object from car window, then walks away in wooded area."
00123,IntelligentVBench/images/Interpolative_DI2V/00123_first.png,IntelligentVBench/images/Interpolative_DI2V/00123_last.png,"Woman leaves desk, walks down busy hospital corridor with gift and balloon."
00124,IntelligentVBench/images/Interpolative_DI2V/00124_first.png,IntelligentVBench/images/Interpolative_DI2V/00124_last.png,Woman's hand moves to cup man's face as they kiss in pool.
00125,IntelligentVBench/images/Interpolative_DI2V/00125_first.png,IntelligentVBench/images/Interpolative_DI2V/00125_last.png,Girl raises hand confidently; boy beside her frowns and watches her speak.
00126,IntelligentVBench/images/Interpolative_DI2V/00126_first.png,IntelligentVBench/images/Interpolative_DI2V/00126_last.png,Men transition from standing to synchronized arm movements in courtyard.
00127,IntelligentVBench/images/Interpolative_DI2V/00127_first.png,IntelligentVBench/images/Interpolative_DI2V/00127_last.png,"Woman exits yard, jogs to street, hugs older man."
00128,IntelligentVBench/images/Interpolative_DI2V/00128_first.png,IntelligentVBench/images/Interpolative_DI2V/00128_last.png,"Woman rises, agitated, gesturing while checking phone beside pole under clear sky."
00129,IntelligentVBench/images/Interpolative_DI2V/00129_first.png,IntelligentVBench/images/Interpolative_DI2V/00129_last.png,"Otto chases, grabs, and examines a green-stoned disc on the road."
00130,IntelligentVBench/images/Interpolative_DI2V/00130_first.png,IntelligentVBench/images/Interpolative_DI2V/00130_last.png,"Man exits truck, walks forward in desert with determined expression."
00131,IntelligentVBench/images/Interpolative_DI2V/00131_first.png,IntelligentVBench/images/Interpolative_DI2V/00131_last.png,"Tense duo suddenly turns and flees into greenery, leaving another man behind."
00132,IntelligentVBench/images/Interpolative_DI2V/00132_first.png,IntelligentVBench/images/Interpolative_DI2V/00132_last.png,Woman in red cloak walks calmly as crowd flees in panic.
00133,IntelligentVBench/images/Interpolative_DI2V/00133_first.png,IntelligentVBench/images/Interpolative_DI2V/00133_last.png,Camera shifts from boys chatting to a blue robot on ground.
00134,IntelligentVBench/images/Interpolative_DI2V/00134_first.png,IntelligentVBench/images/Interpolative_DI2V/00134_last.png,"Black minivan speeds past camera, then drives away down street."
00135,IntelligentVBench/images/Interpolative_DI2V/00135_first.png,IntelligentVBench/images/Interpolative_DI2V/00135_last.png,"Man with face tattoos sits, smiles at visitor through prison glass."
00136,IntelligentVBench/images/Interpolative_DI2V/00136_first.png,IntelligentVBench/images/Interpolative_DI2V/00136_last.png,Camera pans down from gorilla and lion to porcupine in pink dress.
00137,IntelligentVBench/images/Interpolative_DI2V/00137_first.png,IntelligentVBench/images/Interpolative_DI2V/00137_last.png,"Woman and girl walk slowly, woman places hand on girl's shoulder."
00138,IntelligentVBench/images/Interpolative_DI2V/00138_first.png,IntelligentVBench/images/Interpolative_DI2V/00138_last.png,"One woman walks away, leaving the other alone in the snow."
00139,IntelligentVBench/images/Interpolative_DI2V/00139_first.png,IntelligentVBench/images/Interpolative_DI2V/00139_last.png,Man turns toward camera while on serious phone call amid city traffic.
00140,IntelligentVBench/images/Interpolative_DI2V/00140_first.png,IntelligentVBench/images/Interpolative_DI2V/00140_last.png,"Woman walks forward, talking, as party decor and guests blur behind her."
00141,IntelligentVBench/images/Interpolative_DI2V/00141_first.png,IntelligentVBench/images/Interpolative_DI2V/00141_last.png,"Guards pass as boy and girl hide, then smile at each other with cupcakes."
00142,IntelligentVBench/images/Interpolative_DI2V/00142_first.png,IntelligentVBench/images/Interpolative_DI2V/00142_last.png,"Man in red grabs boy, turns, and flees down stairs as attackers rush up."
00143,IntelligentVBench/images/Interpolative_DI2V/00143_first.png,IntelligentVBench/images/Interpolative_DI2V/00143_last.png,Woman releases man's collar; they walk away smiling down hospital corridor.
00144,IntelligentVBench/images/Interpolative_DI2V/00144_first.png,IntelligentVBench/images/Interpolative_DI2V/00144_last.png,"Man gestures while talking, then turns and walks away from woman."
00145,IntelligentVBench/images/Interpolative_DI2V/00145_first.png,IntelligentVBench/images/Interpolative_DI2V/00145_last.png,Mike watches as pink and purple monsters walk past him on the sidewalk.
00146,IntelligentVBench/images/Interpolative_DI2V/00146_first.png,IntelligentVBench/images/Interpolative_DI2V/00146_last.png,"Woman turns, sees man, and embraces him joyfully in a crowded hall."
00147,IntelligentVBench/images/Interpolative_DI2V/00147_first.png,IntelligentVBench/images/Interpolative_DI2V/00147_last.png,"Man in pinstripe suit walks away, glancing back nervously with stain visible."
00148,IntelligentVBench/images/Interpolative_DI2V/00148_first.png,IntelligentVBench/images/Interpolative_DI2V/00148_last.png,"Boy lifts baby from crib and turns right, both smiling happily."
00149,IntelligentVBench/images/Interpolative_DI2V/00149_first.png,IntelligentVBench/images/Interpolative_DI2V/00149_last.png,Woman turns from watching others to speaking with a man on the street.
00150,IntelligentVBench/images/Interpolative_DI2V/00150_first.png,IntelligentVBench/images/Interpolative_DI2V/00150_last.png,"Man turns, walks back, bends, picks item, smiles while talking."
00151,IntelligentVBench/images/Interpolative_DI2V/00151_first.png,IntelligentVBench/images/Interpolative_DI2V/00151_last.png,"Women converse, then walk together toward church entrance."
00152,IntelligentVBench/images/Interpolative_DI2V/00152_first.png,IntelligentVBench/images/Interpolative_DI2V/00152_last.png,"Red energy ball grows in her hand, intensifying as she wields it."
00153,IntelligentVBench/images/Interpolative_DI2V/00153_first.png,IntelligentVBench/images/Interpolative_DI2V/00153_last.png,"Fox and cat speak to Pinocchio, who listens attentively outdoors."
00154,IntelligentVBench/images/Interpolative_DI2V/00154_first.png,IntelligentVBench/images/Interpolative_DI2V/00154_last.png,"Man panics, grabs boy, takes remote, stops him from playing."
00155,IntelligentVBench/images/Interpolative_DI2V/00155_first.png,IntelligentVBench/images/Interpolative_DI2V/00155_last.png,"Pink bird gestures, turns left, green birds follow in wooden hall."
00156,IntelligentVBench/images/Interpolative_DI2V/00156_first.png,IntelligentVBench/images/Interpolative_DI2V/00156_last.png,Blonde woman slowly sips from steaming mug while gazing thoughtfully off-camera.
00157,IntelligentVBench/images/Interpolative_DI2V/00157_first.png,IntelligentVBench/images/Interpolative_DI2V/00157_last.png,"Camera shifts from close-up to over-the-shoulder, revealing tense face-off with warrior."
00158,IntelligentVBench/images/Interpolative_DI2V/00158_first.png,IntelligentVBench/images/Interpolative_DI2V/00158_last.png,Sky tilts down to reveal woman on rooftop gazing at camera.
00159,IntelligentVBench/images/Interpolative_DI2V/00159_first.png,IntelligentVBench/images/Interpolative_DI2V/00159_last.png,Girl shifts from determined glance to triumphant arm raise under cloudy sky.
00160,IntelligentVBench/images/Interpolative_DI2V/00160_first.png,IntelligentVBench/images/Interpolative_DI2V/00160_last.png,"Man sips drink, then listens intently during serious conversation."
00161,IntelligentVBench/images/Interpolative_DI2V/00161_first.png,IntelligentVBench/images/Interpolative_DI2V/00161_last.png,"Character turns head, revealing glowing pink eye amidst floating light particles."
00162,IntelligentVBench/images/Interpolative_DI2V/00162_first.png,IntelligentVBench/images/Interpolative_DI2V/00162_last.png,"Elderly man turns, revealing boy waking up on rocky terrain."
00163,IntelligentVBench/images/Interpolative_DI2V/00163_first.png,IntelligentVBench/images/Interpolative_DI2V/00163_last.png,From blur to focus: Joker stands menacingly with gun in graffiti subway.
00164,IntelligentVBench/images/Interpolative_DI2V/00164_first.png,IntelligentVBench/images/Interpolative_DI2V/00164_last.png,Man stands firm as fire trails swirl dramatically around him at night.
00165,IntelligentVBench/images/Interpolative_DI2V/00165_first.png,IntelligentVBench/images/Interpolative_DI2V/00165_last.png,Woman lifts gaze from downcast to meet someone nearby.
00166,IntelligentVBench/images/Interpolative_DI2V/00166_first.png,IntelligentVBench/images/Interpolative_DI2V/00166_last.png,Person aims gun at calm ape's head; ape closes eyes slowly.
00167,IntelligentVBench/images/Interpolative_DI2V/00167_first.png,IntelligentVBench/images/Interpolative_DI2V/00167_last.png,"Woman shifts hand from jaw to collarbone, maintaining concerned gaze off-camera."
00168,IntelligentVBench/images/Interpolative_DI2V/00168_first.png,IntelligentVBench/images/Interpolative_DI2V/00168_last.png,"She walks toward light, turns, then shields her eyes by the window."
00169,IntelligentVBench/images/Interpolative_DI2V/00169_first.png,IntelligentVBench/images/Interpolative_DI2V/00169_last.png,"Man squints through camera, then pulls back, contemplatively assessing his shot."
00170,IntelligentVBench/images/Interpolative_DI2V/00170_first.png,IntelligentVBench/images/Interpolative_DI2V/00170_last.png,"Woman's lips part slightly as plastic wrap shifts, maintaining intense gaze."
00171,IntelligentVBench/images/Interpolative_DI2V/00171_first.png,IntelligentVBench/images/Interpolative_DI2V/00171_last.png,Hand clenches into fist as camera reveals determined military man's face.
00172,IntelligentVBench/images/Interpolative_DI2V/00172_first.png,IntelligentVBench/images/Interpolative_DI2V/00172_last.png,"Woman shifts gaze from downcast to directly facing camera, hand still on cheek."
00173,IntelligentVBench/images/Interpolative_DI2V/00173_first.png,IntelligentVBench/images/Interpolative_DI2V/00173_last.png,Woman turns head as camera zooms in on her contemplative face.
00174,IntelligentVBench/images/Interpolative_DI2V/00174_first.png,IntelligentVBench/images/Interpolative_DI2V/00174_last.png,Astronaut turns from worried gaze to operating control panel.
00175,IntelligentVBench/images/Interpolative_DI2V/00175_first.png,IntelligentVBench/images/Interpolative_DI2V/00175_last.png,"She lifts the glass, sipping slowly with eyes closed in serene contemplation."
00176,IntelligentVBench/images/Interpolative_DI2V/00176_first.png,IntelligentVBench/images/Interpolative_DI2V/00176_last.png,"Man slowly rises, revealing solemn expression in dim, focused setting."
00177,IntelligentVBench/images/Interpolative_DI2V/00177_first.png,IntelligentVBench/images/Interpolative_DI2V/00177_last.png,"Sad woman is comforted with a warm, supportive embrace."
00178,IntelligentVBench/images/Interpolative_DI2V/00178_first.png,IntelligentVBench/images/Interpolative_DI2V/00178_last.png,"Man lifts head, stands; others watch, tension lingers."
00179,IntelligentVBench/images/Interpolative_DI2V/00179_first.png,IntelligentVBench/images/Interpolative_DI2V/00179_last.png,"Character struggles against wind, then turns, shielding head in distress."
00180,IntelligentVBench/images/Interpolative_DI2V/00180_first.png,IntelligentVBench/images/Interpolative_DI2V/00180_last.png,"Man in suit turns head, intensifying conversation on moving train."
00181,IntelligentVBench/images/Interpolative_DI2V/00181_first.png,IntelligentVBench/images/Interpolative_DI2V/00181_last.png,"Girl lifts head, eyes widen in surprise against cloud-filled sky."
00182,IntelligentVBench/images/Interpolative_DI2V/00182_first.png,IntelligentVBench/images/Interpolative_DI2V/00182_last.png,Camera tilts up from dough-kneading hands to reveal girl's pensive face.
00183,IntelligentVBench/images/Interpolative_DI2V/00183_first.png,IntelligentVBench/images/Interpolative_DI2V/00183_last.png,The woman places binoculars on the blue character as others react with surprise and annoyance.
00184,IntelligentVBench/images/Interpolative_DI2V/00184_first.png,IntelligentVBench/images/Interpolative_DI2V/00184_last.png,"Woman's concern deepens as man turns, revealing tense interaction in dusty chamber."
00185,IntelligentVBench/images/Interpolative_DI2V/00185_first.png,IntelligentVBench/images/Interpolative_DI2V/00185_last.png,"Woman sips wine, then lowers glass, maintaining serene expression in dim light."
00186,IntelligentVBench/images/Interpolative_DI2V/00186_first.png,IntelligentVBench/images/Interpolative_DI2V/00186_last.png,"The man leans closer, gently nuzzling the woman's temple as they share a tender moment."
00187,IntelligentVBench/images/Interpolative_DI2V/00187_first.png,IntelligentVBench/images/Interpolative_DI2V/00187_last.png,Woman closes eyes and leans in for a kiss with man.
00188,IntelligentVBench/images/Interpolative_DI2V/00188_first.png,IntelligentVBench/images/Interpolative_DI2V/00188_last.png,The woman's focused gaze shifts slightly as she continues calligraphy.
00189,IntelligentVBench/images/Interpolative_DI2V/00189_first.png,IntelligentVBench/images/Interpolative_DI2V/00189_last.png,Her expression shifts from focused to emotionally intense as she sings.
00190,IntelligentVBench/images/Interpolative_DI2V/00190_first.png,IntelligentVBench/images/Interpolative_DI2V/00190_last.png,"Orange character dances excitedly; teal character watches, while purple remains skeptical."
00191,IntelligentVBench/images/Interpolative_DI2V/00191_first.png,IntelligentVBench/images/Interpolative_DI2V/00191_last.png,"Bandaged hands pull down mask, revealing determined face under goggles."
00192,IntelligentVBench/images/Interpolative_DI2V/00192_first.png,IntelligentVBench/images/Interpolative_DI2V/00192_last.png,Woman gazes upward as hand reveals old book against brick wall.
00193,IntelligentVBench/images/Interpolative_DI2V/00193_first.png,IntelligentVBench/images/Interpolative_DI2V/00193_last.png,Adult comforts crying girl holding toys with gentle embrace.
00194,IntelligentVBench/images/Interpolative_DI2V/00194_first.png,IntelligentVBench/images/Interpolative_DI2V/00194_last.png,"She looks down, picks up a gun, and holds it up."
00195,IntelligentVBench/images/Interpolative_DI2V/00195_first.png,IntelligentVBench/images/Interpolative_DI2V/00195_last.png,"They hold their embrace, conveying deep emotional connection and comfort."
00196,IntelligentVBench/images/Interpolative_DI2V/00196_first.png,IntelligentVBench/images/Interpolative_DI2V/00196_last.png,"Her pensive gaze softens into a gentle, knowing smile at sunset."
00197,IntelligentVBench/images/Interpolative_DI2V/00197_first.png,IntelligentVBench/images/Interpolative_DI2V/00197_last.png,"Blonde woman smiles, then turns away in cozy kitchen."
00198,IntelligentVBench/images/Interpolative_DI2V/00198_first.png,IntelligentVBench/images/Interpolative_DI2V/00198_last.png,Group scatters as golden robot with top hat emerges mysteriously.
00199,IntelligentVBench/images/Interpolative_DI2V/00199_first.png,IntelligentVBench/images/Interpolative_DI2V/00199_last.png,Man raises revolver from his side to aim forward steadily.
00200,IntelligentVBench/images/Interpolative_DI2V/00200_first.png,IntelligentVBench/images/Interpolative_DI2V/00200_last.png,"Woman lifts head, gazes intently at blindfolded man."
00201,IntelligentVBench/images/Interpolative_DI2V/00201_first.png,IntelligentVBench/images/Interpolative_DI2V/00201_last.png,"Woman lifts veil, revealing intense gaze, maintaining solemn expression."
00202,IntelligentVBench/images/Interpolative_DI2V/00202_first.png,IntelligentVBench/images/Interpolative_DI2V/00202_last.png,"She walks toward the mirror, smiling softly at her reflection."
00203,IntelligentVBench/images/Interpolative_DI2V/00203_first.png,IntelligentVBench/images/Interpolative_DI2V/00203_last.png,"Warrior leader raises sword, shouts command as camera zooms in on his face."
00204,IntelligentVBench/images/Interpolative_DI2V/00204_first.png,IntelligentVBench/images/Interpolative_DI2V/00204_last.png,Woman with instrument case walks past reading woman on platform.
00205,IntelligentVBench/images/Interpolative_DI2V/00205_first.png,IntelligentVBench/images/Interpolative_DI2V/00205_last.png,Camera tilts up from hands to reveal man's thoughtful face.
00206,IntelligentVBench/images/Interpolative_DI2V/00206_first.png,IntelligentVBench/images/Interpolative_DI2V/00206_last.png,"Man in suit turns, speaks animatedly, and gestures toward horizon."
00207,IntelligentVBench/images/Interpolative_DI2V/00207_first.png,IntelligentVBench/images/Interpolative_DI2V/00207_last.png,"Man walks to window, parts curtain, peers outside with tense expression."
00208,IntelligentVBench/images/Interpolative_DI2V/00208_first.png,IntelligentVBench/images/Interpolative_DI2V/00208_last.png,"Woman cries, embraces, then pulls back to intensely gaze at companion."
00209,IntelligentVBench/images/Interpolative_DI2V/00209_first.png,IntelligentVBench/images/Interpolative_DI2V/00209_last.png,"Woman dabs face with powder puff, transitioning from pensive to distressed."
00210,IntelligentVBench/images/Interpolative_DI2V/00210_first.png,IntelligentVBench/images/Interpolative_DI2V/00210_last.png,"Man embraces younger person, closing eyes then reopening them in emotional moment."
00211,IntelligentVBench/images/Interpolative_DI2V/00211_first.png,IntelligentVBench/images/Interpolative_DI2V/00211_last.png,Man and woman walk hand-in-hand toward colonial house on overcast day.
00212,IntelligentVBench/images/Interpolative_DI2V/00212_first.png,IntelligentVBench/images/Interpolative_DI2V/00212_last.png,Camera tilts from man's face to his hands playing keyboard.
00213,IntelligentVBench/images/Interpolative_DI2V/00213_first.png,IntelligentVBench/images/Interpolative_DI2V/00213_last.png,"Boy smiles, camera shifts to woman offering him food."
00214,IntelligentVBench/images/Interpolative_DI2V/00214_first.png,IntelligentVBench/images/Interpolative_DI2V/00214_last.png,"Man turns head away, gaze shifting from camera to off-screen."
00215,IntelligentVBench/images/Interpolative_DI2V/00215_first.png,IntelligentVBench/images/Interpolative_DI2V/00215_last.png,Woman's joyful laugh turns to thoughtful smile as man watches with amusement.
00216,IntelligentVBench/images/Interpolative_DI2V/00216_first.png,IntelligentVBench/images/Interpolative_DI2V/00216_last.png,Another man rushes in to help the injured man on the grass.
00217,IntelligentVBench/images/Interpolative_DI2V/00217_first.png,IntelligentVBench/images/Interpolative_DI2V/00217_last.png,Camera tilts up from dirty hand to reveal injured man's weary face.
00218,IntelligentVBench/images/Interpolative_DI2V/00218_first.png,IntelligentVBench/images/Interpolative_DI2V/00218_last.png,"They gaze, kiss gently, then rest foreheads together in intimacy."
00219,IntelligentVBench/images/Interpolative_DI2V/00219_first.png,IntelligentVBench/images/Interpolative_DI2V/00219_last.png,"An older man enters, placing a hand on the young man's shoulder."
00220,IntelligentVBench/images/Interpolative_DI2V/00220_first.png,IntelligentVBench/images/Interpolative_DI2V/00220_last.png,"Boy looks down, puts on glasses, then stares forward intently."
00221,IntelligentVBench/images/Interpolative_DI2V/00221_first.png,IntelligentVBench/images/Interpolative_DI2V/00221_last.png,"Man looks down thoughtfully, then raises camera to eye to photograph."
00222,IntelligentVBench/images/Interpolative_DI2V/00222_first.png,IntelligentVBench/images/Interpolative_DI2V/00222_last.png,"Men exit shadow into light, walking past Gothic building as one points ahead."
00223,IntelligentVBench/images/Interpolative_DI2V/00223_first.png,IntelligentVBench/images/Interpolative_DI2V/00223_last.png,Purple-haired anime character lifts head from downcast to thoughtful gaze.
00224,IntelligentVBench/images/Interpolative_DI2V/00224_first.png,IntelligentVBench/images/Interpolative_DI2V/00224_last.png,One armored figure places hand on another's shoulder in forest.
00225,IntelligentVBench/images/Interpolative_DI2V/00225_first.png,IntelligentVBench/images/Interpolative_DI2V/00225_last.png,A hand gently strokes the injured woman's head in a caring gesture.
00226,IntelligentVBench/images/Interpolative_DI2V/00226_first.png,IntelligentVBench/images/Interpolative_DI2V/00226_last.png,"Man gazes upward as fireworks explode, filling the night sky with color."
00227,IntelligentVBench/images/Interpolative_DI2V/00227_first.png,IntelligentVBench/images/Interpolative_DI2V/00227_last.png,Soldier dons gas mask amid smoke as comrade stands guard nearby.
00228,IntelligentVBench/images/Interpolative_DI2V/00228_first.png,IntelligentVBench/images/Interpolative_DI2V/00228_last.png,"Woman covers boy's eyes, shielding him from distressing sight."
00229,IntelligentVBench/images/Interpolative_DI2V/00229_first.png,IntelligentVBench/images/Interpolative_DI2V/00229_last.png,Man in green attire kisses woman's hand with intense focus.
00230,IntelligentVBench/images/Interpolative_DI2V/00230_first.png,IntelligentVBench/images/Interpolative_DI2V/00230_last.png,Woman leans down to speak earnestly with bear in red hat.
00231,IntelligentVBench/images/Interpolative_DI2V/00231_first.png,IntelligentVBench/images/Interpolative_DI2V/00231_last.png,Ape leader turns from contemplative gaze to face a young ape beside him.
00232,IntelligentVBench/images/Interpolative_DI2V/00232_first.png,IntelligentVBench/images/Interpolative_DI2V/00232_last.png,An older man's tie is adjusted during a security pat-down at an airport.
00233,IntelligentVBench/images/Interpolative_DI2V/00233_first.png,IntelligentVBench/images/Interpolative_DI2V/00233_last.png,One character lifts an axe while the other watches intently.
00234,IntelligentVBench/images/Interpolative_DI2V/00234_first.png,IntelligentVBench/images/Interpolative_DI2V/00234_last.png,"Man raises object, shifting from stillness to tense action under power lines."
00235,IntelligentVBench/images/Interpolative_DI2V/00235_first.png,IntelligentVBench/images/Interpolative_DI2V/00235_last.png,"Woman peeks from door, expression shifts to surprise."
00236,IntelligentVBench/images/Interpolative_DI2V/00236_first.png,IntelligentVBench/images/Interpolative_DI2V/00236_last.png,"He raises the blade, shifting from concentration to intense focus."
00237,IntelligentVBench/images/Interpolative_DI2V/00237_first.png,IntelligentVBench/images/Interpolative_DI2V/00237_last.png,"Girl shifts from apprehensive to determined, preparing to knock on door."
00238,IntelligentVBench/images/Interpolative_DI2V/00238_first.png,IntelligentVBench/images/Interpolative_DI2V/00238_last.png,"She gently massages cream from neck to shoulder, eyes closed in calm focus."
00239,IntelligentVBench/images/Interpolative_DI2V/00239_first.png,IntelligentVBench/images/Interpolative_DI2V/00239_last.png,Camera tilts up from bloody arm to distressed man's face in desert.
00240,IntelligentVBench/images/Interpolative_DI2V/00240_first.png,IntelligentVBench/images/Interpolative_DI2V/00240_last.png,Woman caresses man's face as they lean closer for a kiss.
00241,IntelligentVBench/images/Interpolative_DI2V/00241_first.png,IntelligentVBench/images/Interpolative_DI2V/00241_last.png,Hands open case to reveal violin nestled in foam padding.
00242,IntelligentVBench/images/Interpolative_DI2V/00242_first.png,IntelligentVBench/images/Interpolative_DI2V/00242_last.png,"Woman looks up at man, then down; he watches her with concern."
00243,IntelligentVBench/images/Interpolative_DI2V/00243_first.png,IntelligentVBench/images/Interpolative_DI2V/00243_last.png,"Woman turns from profile to face camera with intense, focused expression."
00244,IntelligentVBench/images/Interpolative_DI2V/00244_first.png,IntelligentVBench/images/Interpolative_DI2V/00244_last.png,Camera tilts up from bruised woman to menacing chef holding cleaver.
00245,IntelligentVBench/images/Interpolative_DI2V/00245_first.png,IntelligentVBench/images/Interpolative_DI2V/00245_last.png,"Man jolts awake, leaps from bed, and rushes toward unseen threat."
00246,IntelligentVBench/images/Interpolative_DI2V/00246_first.png,IntelligentVBench/images/Interpolative_DI2V/00246_last.png,"Man in suit picks card, reflection mirrors his focused action."
00247,IntelligentVBench/images/Interpolative_DI2V/00247_first.png,IntelligentVBench/images/Interpolative_DI2V/00247_last.png,"Hand scoops cherries, lifts, and lets them cascade back into the basket."
00248,IntelligentVBench/images/Interpolative_DI2V/00248_first.png,IntelligentVBench/images/Interpolative_DI2V/00248_last.png,Camera tilts down to reveal young person atop woman's shoulders in snow.
00249,IntelligentVBench/images/Interpolative_DI2V/00249_first.png,IntelligentVBench/images/Interpolative_DI2V/00249_last.png,"Boy runs closer, expression shifts from joy to surprise."
00250,IntelligentVBench/images/Interpolative_DI2V/00250_first.png,IntelligentVBench/images/Interpolative_DI2V/00250_last.png,Boy watches father's glowing skeleton fade after collapsing.
