edited_type,index,condition_video,condition_image,prompt
local_change,00001,IntelligentVBench/videos/TIV2V/00001.mp4,IntelligentVBench/images/TIV2V/00001.png,replace the man with the man having a neatly trimmed beard in the image.
local_change,00002,IntelligentVBench/videos/TIV2V/00002.mp4,IntelligentVBench/images/TIV2V/00002.png,replace the woman with the elderly woman in the image.
local_change,00003,IntelligentVBench/videos/TIV2V/00003.mp4,IntelligentVBench/images/TIV2V/00003.png,replace the glass vase with the brushed steel metallic vase in the image.
local_change,00004,IntelligentVBench/videos/TIV2V/00004.mp4,IntelligentVBench/images/TIV2V/00004.png,replace the green tree with the autumn-colored tree in the image.
local_change,00005,IntelligentVBench/videos/TIV2V/00005.mp4,IntelligentVBench/images/TIV2V/00005.png,replace the woman’s attire with the deep blue evening gown in the image.
local_change,00006,IntelligentVBench/videos/TIV2V/00006.mp4,IntelligentVBench/images/TIV2V/00006.png,replace the man with the elderly gentleman in the image.
local_change,00007,IntelligentVBench/videos/TIV2V/00007.mp4,IntelligentVBench/images/TIV2V/00007.png,replace the blue shirt with the suit in the image.
local_change,00008,IntelligentVBench/videos/TIV2V/00008.mp4,IntelligentVBench/images/TIV2V/00008.png,replace the sofa with the white sofa in the image.
local_change,00009,IntelligentVBench/videos/TIV2V/00009.mp4,IntelligentVBench/images/TIV2V/00009.png,replace the white baby's breath bouquet with the sunflower in the image.
local_change,00010,IntelligentVBench/videos/TIV2V/00010.mp4,IntelligentVBench/images/TIV2V/00010.png,replace the purple satin dress with the yellow dress in the image.
local_change,00011,IntelligentVBench/videos/TIV2V/00011.mp4,IntelligentVBench/images/TIV2V/00011.png,replace the man with the elderly gentleman in the image.
local_change,00012,IntelligentVBench/videos/TIV2V/00012.mp4,IntelligentVBench/images/TIV2V/00012.png,replace the man's dark suit with the blue shirt in the image.
local_change,00013,IntelligentVBench/videos/TIV2V/00013.mp4,IntelligentVBench/images/TIV2V/00013.png,replace the brown leather sofa with the sofa in the image.
local_change,00014,IntelligentVBench/videos/TIV2V/00014.mp4,IntelligentVBench/images/TIV2V/00014.png,replace the man with the elderly gentleman in the image.
local_change,00015,IntelligentVBench/videos/TIV2V/00015.mp4,IntelligentVBench/images/TIV2V/00015.png,replace the wooden table with the white marble tabletop in the image.
local_change,00016,IntelligentVBench/videos/TIV2V/00016.mp4,IntelligentVBench/images/TIV2V/00016.png,replace the white refrigerator with the bamboo wood exterior refrigerator in the image.
local_change,00017,IntelligentVBench/videos/TIV2V/00017.mp4,IntelligentVBench/images/TIV2V/00017.png,replace the stone fireplace with the fireplace shown in the image.
local_change,00018,IntelligentVBench/videos/TIV2V/00018.mp4,IntelligentVBench/images/TIV2V/00018.png,replace the green leafy plant with the colorful succulent in white pot in the image.
local_change,00019,IntelligentVBench/videos/TIV2V/00019.mp4,IntelligentVBench/images/TIV2V/00019.png,replace the shirt with the clothes in the image.
local_change,00020,IntelligentVBench/videos/TIV2V/00020.mp4,IntelligentVBench/images/TIV2V/00020.png,replace the man with the elderly gentleman in the image.
local_change,00021,IntelligentVBench/videos/TIV2V/00021.mp4,IntelligentVBench/images/TIV2V/00021.png,replace beige beanbag with the woven jute fiber beanbag in the image
local_change,00022,IntelligentVBench/videos/TIV2V/00022.mp4,IntelligentVBench/images/TIV2V/00022.png,replace the sofa with the sofa with the cushions in the image.
local_change,00023,IntelligentVBench/videos/TIV2V/00023.mp4,IntelligentVBench/images/TIV2V/00023.png,replace the man with the elderly gentleman in the image.
local_change,00024,IntelligentVBench/videos/TIV2V/00024.mp4,IntelligentVBench/images/TIV2V/00024.png,replace the yellow modern car with hood open with the car in the image.
local_change,00025,IntelligentVBench/videos/TIV2V/00025.mp4,IntelligentVBench/images/TIV2V/00025.png,replace the gray t-shirt with the jacket in the image.
local_change,00026,IntelligentVBench/videos/TIV2V/00026.mp4,IntelligentVBench/images/TIV2V/00026.png,replace the adult man with the elderly gentleman in the image.
local_change,00027,IntelligentVBench/videos/TIV2V/00027.mp4,IntelligentVBench/images/TIV2V/00027.png,replace round black metal table with the round white table in the image
local_change,00028,IntelligentVBench/videos/TIV2V/00028.mp4,IntelligentVBench/images/TIV2V/00028.png,replace grey fabric sofa with the white sofa in the image.
local_change,00029,IntelligentVBench/videos/TIV2V/00029.mp4,IntelligentVBench/images/TIV2V/00029.png,replace the rifle in the video with the futuristic rifle shown in the image.
local_change,00030,IntelligentVBench/videos/TIV2V/00030.mp4,IntelligentVBench/images/TIV2V/00030.png,replace the front-most green-leaved tree with the autumn foliage tree in the image.
local_change,00031,IntelligentVBench/videos/TIV2V/00031.mp4,IntelligentVBench/images/TIV2V/00031.png,replace the pink flower with the white flower in the image.
local_change,00032,IntelligentVBench/videos/TIV2V/00032.mp4,IntelligentVBench/images/TIV2V/00032.png,replace acoustic guitar with the guitar in the image.
local_change,00033,IntelligentVBench/videos/TIV2V/00033.mp4,IntelligentVBench/images/TIV2V/00033.png,replace the adult man with the elderly gentleman in the image.
local_change,00034,IntelligentVBench/videos/TIV2V/00034.mp4,IntelligentVBench/images/TIV2V/00034.png,Replace the girl's hairstyle with the one shown in the image.
local_change,00035,IntelligentVBench/videos/TIV2V/00035.mp4,IntelligentVBench/images/TIV2V/00035.png,replace yellow metal table with the brown table in the image
local_change,00036,IntelligentVBench/videos/TIV2V/00036.mp4,IntelligentVBench/images/TIV2V/00036.png,replace the woman with the silver-haired woman in the image.
local_change,00037,IntelligentVBench/videos/TIV2V/00037.mp4,IntelligentVBench/images/TIV2V/00037.png,"replace wooden table with the brightly painted red, blue, and yellow striped picnic table in the image"
local_change,00038,IntelligentVBench/videos/TIV2V/00038.mp4,IntelligentVBench/images/TIV2V/00038.png,replace the man with the man in the image.
local_change,00039,IntelligentVBench/videos/TIV2V/00039.mp4,IntelligentVBench/images/TIV2V/00039.png,replace the woman's attire with the clothes shown in the image.
local_change,00040,IntelligentVBench/videos/TIV2V/00040.mp4,IntelligentVBench/images/TIV2V/00040.png,replace the wooden chair with the white chair in the image.
local_change,00041,IntelligentVBench/videos/TIV2V/00041.mp4,IntelligentVBench/images/TIV2V/00041.png,replace the woman's clothes with the clothes shown in the image.
local_change,00042,IntelligentVBench/videos/TIV2V/00042.mp4,IntelligentVBench/images/TIV2V/00042.png,replace the woman with the elderly lady in the image.
local_change,00043,IntelligentVBench/videos/TIV2V/00043.mp4,IntelligentVBench/images/TIV2V/00043.png,replace the man with the elderly gentleman in the image.
local_change,00044,IntelligentVBench/videos/TIV2V/00044.mp4,IntelligentVBench/images/TIV2V/00044.png,replace the white fence with the flower-decorated fence in the image.
local_change,00045,IntelligentVBench/videos/TIV2V/00045.mp4,IntelligentVBench/images/TIV2V/00045.png,replace laptop with the bamboo laptop in the image
local_change,00046,IntelligentVBench/videos/TIV2V/00046.mp4,IntelligentVBench/images/TIV2V/00046.png,replace the woman's outfit with the evening gown in the image.
local_change,00047,IntelligentVBench/videos/TIV2V/00047.mp4,IntelligentVBench/images/TIV2V/00047.png,replace the blue beanie with the brown fedora hat in the image.
local_change,00048,IntelligentVBench/videos/TIV2V/00048.mp4,IntelligentVBench/images/TIV2V/00048.png,replace the woman with the woman with platinum blonde hair in the image.
local_change,00049,IntelligentVBench/videos/TIV2V/00049.mp4,IntelligentVBench/images/TIV2V/00049.png,replace the white compact car with the blue car in the image.
local_change,00050,IntelligentVBench/videos/TIV2V/00050.mp4,IntelligentVBench/images/TIV2V/00050.png,replace the dog in the orange sweater with the dog in the blue winter jacket in the image.
local_change,00051,IntelligentVBench/videos/TIV2V/00051.mp4,IntelligentVBench/images/TIV2V/00051.png,replace the desk with the wooden desk in the image
local_change,00052,IntelligentVBench/videos/TIV2V/00052.mp4,IntelligentVBench/images/TIV2V/00052.png,replace the woman's maroon outfit with the white blouse and denim shorts in the image.
local_change,00053,IntelligentVBench/videos/TIV2V/00053.mp4,IntelligentVBench/images/TIV2V/00053.png,replace the man with the elderly gentleman in the image.
local_change,00054,IntelligentVBench/videos/TIV2V/00054.mp4,IntelligentVBench/images/TIV2V/00054.png,replace the car moving forward with the matte green vehicle in the image.
local_change,00055,IntelligentVBench/videos/TIV2V/00055.mp4,IntelligentVBench/images/TIV2V/00055.png,replace the green t-shirt of the man with the suit in the image.
local_change,00056,IntelligentVBench/videos/TIV2V/00056.mp4,IntelligentVBench/images/TIV2V/00056.png,replace the pressure cooker with the red pot in the image.
local_change,00057,IntelligentVBench/videos/TIV2V/00057.mp4,IntelligentVBench/images/TIV2V/00057.png,replace the middle-aged man with the elderly gentleman in the image.
local_change,00058,IntelligentVBench/videos/TIV2V/00058.mp4,IntelligentVBench/images/TIV2V/00058.png,replace the blue sports car with electric green car in the image.
local_change,00059,IntelligentVBench/videos/TIV2V/00059.mp4,IntelligentVBench/images/TIV2V/00059.png,replace the wooden table and chairs with bohemian rattan table and cushioned rattan chairs in the image.
local_change,00060,IntelligentVBench/videos/TIV2V/00060.mp4,IntelligentVBench/images/TIV2V/00060.png,replace the woman with the woman with silver hair in the image.
local_change,00061,IntelligentVBench/videos/TIV2V/00061.mp4,IntelligentVBench/images/TIV2V/00061.png,replace the man's black clothes with the white clothes shown in the image.
local_change,00062,IntelligentVBench/videos/TIV2V/00062.mp4,IntelligentVBench/images/TIV2V/00062.png,replace the sofa with the brown sofa in the image.
local_change,00063,IntelligentVBench/videos/TIV2V/00063.mp4,IntelligentVBench/images/TIV2V/00063.png,replace the stone bench with the wooden bench in the image
local_change,00064,IntelligentVBench/videos/TIV2V/00064.mp4,IntelligentVBench/images/TIV2V/00064.png,replace the woman's black turtleneck and gray pants with the pink dress in the image.
local_change,00065,IntelligentVBench/videos/TIV2V/00065.mp4,IntelligentVBench/images/TIV2V/00065.png,replace the left woman with the senior woman in the image.
local_change,00066,IntelligentVBench/videos/TIV2V/00066.mp4,IntelligentVBench/images/TIV2V/00066.png,replace the metal table with the wooden table in the image.
local_change,00067,IntelligentVBench/videos/TIV2V/00067.mp4,IntelligentVBench/images/TIV2V/00067.png,replace the orange suit with the shirt and shorts in the image.
local_change,00068,IntelligentVBench/videos/TIV2V/00068.mp4,IntelligentVBench/images/TIV2V/00068.png,replace the yellow dress of the woman with the evening gown in the image.
local_change,00069,IntelligentVBench/videos/TIV2V/00069.mp4,IntelligentVBench/images/TIV2V/00069.png,replace the man with the elderly gentleman in the image.
local_change,00070,IntelligentVBench/videos/TIV2V/00070.mp4,IntelligentVBench/images/TIV2V/00070.png,replace the tree on the left with the golden-leaved tree in the image.
local_change,00071,IntelligentVBench/videos/TIV2V/00071.mp4,IntelligentVBench/images/TIV2V/00071.png,replace the red volkswagen with the blue car in the image.
local_change,00072,IntelligentVBench/videos/TIV2V/00072.mp4,IntelligentVBench/images/TIV2V/00072.png,replace the black leather chair with the chair in the image.
local_change,00073,IntelligentVBench/videos/TIV2V/00073.mp4,IntelligentVBench/images/TIV2V/00073.png,replace the white plaid shirt with the black evening dress in the image.
back_change,00074,IntelligentVBench/videos/TIV2V/00074.mp4,IntelligentVBench/images/TIV2V/00074.png,replace the background with the scene shown in the image.
back_change,00075,IntelligentVBench/videos/TIV2V/00075.mp4,IntelligentVBench/images/TIV2V/00075.png,replace the background with the scene shown in the image.
back_change,00076,IntelligentVBench/videos/TIV2V/00076.mp4,IntelligentVBench/images/TIV2V/00076.png,replace the desert scene with the background shown in the image.
back_change,00077,IntelligentVBench/videos/TIV2V/00077.mp4,IntelligentVBench/images/TIV2V/00077.png,replace the background with the scene shown in the image.
back_change,00078,IntelligentVBench/videos/TIV2V/00078.mp4,IntelligentVBench/images/TIV2V/00078.png,replace the background with the scene shown in the image.
back_change,00079,IntelligentVBench/videos/TIV2V/00079.mp4,IntelligentVBench/images/TIV2V/00079.png,replace the background with the scene shown in the image.
back_change,00080,IntelligentVBench/videos/TIV2V/00080.mp4,IntelligentVBench/images/TIV2V/00080.png,replace the background of sunset with the scene shown in the image.
back_change,00081,IntelligentVBench/videos/TIV2V/00081.mp4,IntelligentVBench/images/TIV2V/00081.png,replace the background with the scene shown in the image.
back_change,00082,IntelligentVBench/videos/TIV2V/00082.mp4,IntelligentVBench/images/TIV2V/00082.png,replace the background with the scene shown in the image.
back_change,00083,IntelligentVBench/videos/TIV2V/00083.mp4,IntelligentVBench/images/TIV2V/00083.png,replace background with a scene of a minimalist kitchen as shown in the image.
back_change,00084,IntelligentVBench/videos/TIV2V/00084.mp4,IntelligentVBench/images/TIV2V/00084.png,replace the background with the scene shown in the image.
back_change,00085,IntelligentVBench/videos/TIV2V/00085.mp4,IntelligentVBench/images/TIV2V/00085.png,replace the background with the scene shown in the image.
back_change,00086,IntelligentVBench/videos/TIV2V/00086.mp4,IntelligentVBench/images/TIV2V/00086.png,replace the background with the scene shown in the image.
back_change,00087,IntelligentVBench/videos/TIV2V/00087.mp4,IntelligentVBench/images/TIV2V/00087.png,replace background with the scene shown in the image.
back_change,00088,IntelligentVBench/videos/TIV2V/00088.mp4,IntelligentVBench/images/TIV2V/00088.png,replace the background with the scene shown in the image.
back_change,00089,IntelligentVBench/videos/TIV2V/00089.mp4,IntelligentVBench/images/TIV2V/00089.png,replace the background with the scene shown in the image.
back_change,00090,IntelligentVBench/videos/TIV2V/00090.mp4,IntelligentVBench/images/TIV2V/00090.png,replace background with a scene of white sheer curtains as shown in the image.
back_change,00091,IntelligentVBench/videos/TIV2V/00091.mp4,IntelligentVBench/images/TIV2V/00091.png,replace the dynamic tech lab with the scene shown in the image.
back_change,00092,IntelligentVBench/videos/TIV2V/00092.mp4,IntelligentVBench/images/TIV2V/00092.png,replace the background with the scene shown in the image.
back_change,00093,IntelligentVBench/videos/TIV2V/00093.mp4,IntelligentVBench/images/TIV2V/00093.png,replace the background with the scene shown in the image.
back_change,00094,IntelligentVBench/videos/TIV2V/00094.mp4,IntelligentVBench/images/TIV2V/00094.png,replace the background with the scene shown in the image.
back_change,00095,IntelligentVBench/videos/TIV2V/00095.mp4,IntelligentVBench/images/TIV2V/00095.png,replace the background with the scene shown in the image.
back_change,00096,IntelligentVBench/videos/TIV2V/00096.mp4,IntelligentVBench/images/TIV2V/00096.png,replace the rooftop scene with the scene shown in the image.
back_change,00097,IntelligentVBench/videos/TIV2V/00097.mp4,IntelligentVBench/images/TIV2V/00097.png,replace the background with the scene shown in the image.
back_change,00098,IntelligentVBench/videos/TIV2V/00098.mp4,IntelligentVBench/images/TIV2V/00098.png,replace the background with the scene shown in the image.
back_change,00099,IntelligentVBench/videos/TIV2V/00099.mp4,IntelligentVBench/images/TIV2V/00099.png,replace the background with the scene shown in the image.
back_change,00100,IntelligentVBench/videos/TIV2V/00100.mp4,IntelligentVBench/images/TIV2V/00100.png,replace the background with the scene shown in the image.
back_change,00101,IntelligentVBench/videos/TIV2V/00101.mp4,IntelligentVBench/images/TIV2V/00101.png,replace the background with a scene of a modern studio set as shown in the image.
back_change,00102,IntelligentVBench/videos/TIV2V/00102.mp4,IntelligentVBench/images/TIV2V/00102.png,replace the background with the scene shown in the image.
back_change,00103,IntelligentVBench/videos/TIV2V/00103.mp4,IntelligentVBench/images/TIV2V/00103.png,replace the background with the scene shown in the image.
back_change,00104,IntelligentVBench/videos/TIV2V/00104.mp4,IntelligentVBench/images/TIV2V/00104.png,replace the background with a scene of overgrown garden and greenhouse as shown in the image.
back_change,00105,IntelligentVBench/videos/TIV2V/00105.mp4,IntelligentVBench/images/TIV2V/00105.png,replace the background with the scene shown in the image.
back_change,00106,IntelligentVBench/videos/TIV2V/00106.mp4,IntelligentVBench/images/TIV2V/00106.png,replace the background with the scene shown in the image.
back_change,00107,IntelligentVBench/videos/TIV2V/00107.mp4,IntelligentVBench/images/TIV2V/00107.png,replace the background of the video with the scene shown in the image.
back_change,00108,IntelligentVBench/videos/TIV2V/00108.mp4,IntelligentVBench/images/TIV2V/00108.png,replace the background in the video with the scene shown in the image.
back_change,00109,IntelligentVBench/videos/TIV2V/00109.mp4,IntelligentVBench/images/TIV2V/00109.png,replace the background with the scene shown in the image.
back_change,00110,IntelligentVBench/videos/TIV2V/00110.mp4,IntelligentVBench/images/TIV2V/00110.png,replace the background with the scene shown in the image.
back_change,00111,IntelligentVBench/videos/TIV2V/00111.mp4,IntelligentVBench/images/TIV2V/00111.png,replace the background with the scene shown in the image.
back_change,00112,IntelligentVBench/videos/TIV2V/00112.mp4,IntelligentVBench/images/TIV2V/00112.png,replace the background with the scene shown in the image.
back_change,00113,IntelligentVBench/videos/TIV2V/00113.mp4,IntelligentVBench/images/TIV2V/00113.png,replace the background with the scene shown in the image.
back_change,00114,IntelligentVBench/videos/TIV2V/00114.mp4,IntelligentVBench/images/TIV2V/00114.png,replace the background with the scene shown in the image.
back_change,00115,IntelligentVBench/videos/TIV2V/00115.mp4,IntelligentVBench/images/TIV2V/00115.png,replace the background with the scene shown in the image.
back_change,00116,IntelligentVBench/videos/TIV2V/00116.mp4,IntelligentVBench/images/TIV2V/00116.png,replace the background with the scene shown in the image while keeping the subject still.
back_change,00117,IntelligentVBench/videos/TIV2V/00117.mp4,IntelligentVBench/images/TIV2V/00117.png,replace the background with the scene shown in the image.
back_change,00118,IntelligentVBench/videos/TIV2V/00118.mp4,IntelligentVBench/images/TIV2V/00118.png,replace the background with the scene shown in the image.
back_change,00119,IntelligentVBench/videos/TIV2V/00119.mp4,IntelligentVBench/images/TIV2V/00119.png,replace the background with the scene shown in the image.
back_change,00120,IntelligentVBench/videos/TIV2V/00120.mp4,IntelligentVBench/images/TIV2V/00120.png,replace the background with a scene of ancient roman courtyard as shown in the image
back_change,00121,IntelligentVBench/videos/TIV2V/00121.mp4,IntelligentVBench/images/TIV2V/00121.png,replace the background with the scene shown in the image.
back_change,00122,IntelligentVBench/videos/TIV2V/00122.mp4,IntelligentVBench/images/TIV2V/00122.png,replace the background with the scene shown in the image.
back_change,00123,IntelligentVBench/videos/TIV2V/00123.mp4,IntelligentVBench/images/TIV2V/00123.png,replace the background with the scene shown in the image.
back_change,00124,IntelligentVBench/videos/TIV2V/00124.mp4,IntelligentVBench/images/TIV2V/00124.png,replace the background with the scene shown in the image.
back_change,00125,IntelligentVBench/videos/TIV2V/00125.mp4,IntelligentVBench/images/TIV2V/00125.png,replace the background with the scene shown in the image while keeping the subject still.
back_change,00126,IntelligentVBench/videos/TIV2V/00126.mp4,IntelligentVBench/images/TIV2V/00126.png,replace the background with the scene shown in the image
back_change,00127,IntelligentVBench/videos/TIV2V/00127.mp4,IntelligentVBench/images/TIV2V/00127.png,replace the background with a scene of a ship's command bridge as shown in the image.
back_change,00128,IntelligentVBench/videos/TIV2V/00128.mp4,IntelligentVBench/images/TIV2V/00128.png,replace the background with the scene shown in the image.
back_change,00129,IntelligentVBench/videos/TIV2V/00129.mp4,IntelligentVBench/images/TIV2V/00129.png,replace the background with the scene shown in the image.
back_change,00130,IntelligentVBench/videos/TIV2V/00130.mp4,IntelligentVBench/images/TIV2V/00130.png,replace the background with a scene of a vintage toy workshop as shown in the image.
back_change,00131,IntelligentVBench/videos/TIV2V/00131.mp4,IntelligentVBench/images/TIV2V/00131.png,replace the background with the scene shown in the image.
back_change,00132,IntelligentVBench/videos/TIV2V/00132.mp4,IntelligentVBench/images/TIV2V/00132.png,replace the background with the scene shown in the image.
back_change,00133,IntelligentVBench/videos/TIV2V/00133.mp4,IntelligentVBench/images/TIV2V/00133.png,replace the background with the scene shown in the image.
back_change,00134,IntelligentVBench/videos/TIV2V/00134.mp4,IntelligentVBench/images/TIV2V/00134.png,replace the background with the scene shown in the image.
back_change,00135,IntelligentVBench/videos/TIV2V/00135.mp4,IntelligentVBench/images/TIV2V/00135.png,replace the background with a scene of luxury yacht deck at sunset as shown in the image.
back_change,00136,IntelligentVBench/videos/TIV2V/00136.mp4,IntelligentVBench/images/TIV2V/00136.png,replace the background with the scene shown in the image while keeping the foreground still.
back_change,00137,IntelligentVBench/videos/TIV2V/00137.mp4,IntelligentVBench/images/TIV2V/00137.png,replace the background with the scene shown in the image.
back_change,00138,IntelligentVBench/videos/TIV2V/00138.mp4,IntelligentVBench/images/TIV2V/00138.png,replace the background with the scene shown in the image.
back_change,00139,IntelligentVBench/videos/TIV2V/00139.mp4,IntelligentVBench/images/TIV2V/00139.png,replace the background with the scene shown in the image.
local_add,00140,IntelligentVBench/videos/TIV2V/00140.mp4,IntelligentVBench/images/TIV2V/00140.png,"add the man in the image to the right side of the table, facing the other speaker."
local_add,00141,IntelligentVBench/videos/TIV2V/00141.mp4,IntelligentVBench/images/TIV2V/00141.png,add the woman in the image to stand on the left side of the man and talk with the man.
local_add,00142,IntelligentVBench/videos/TIV2V/00142.mp4,IntelligentVBench/images/TIV2V/00142.png,"add the chair in the image to the right side of the living room, positioned near the white curtains and facing slightly toward the center of the room."
local_add,00143,IntelligentVBench/videos/TIV2V/00143.mp4,IntelligentVBench/images/TIV2V/00143.png,add the man in the image seated at the table by the pool.
local_add,00144,IntelligentVBench/videos/TIV2V/00144.mp4,IntelligentVBench/images/TIV2V/00144.png,"add the white hatchback in the image back to the dirt road in front of the small building, positioned slightly to the right and facing forward."
local_add,00145,IntelligentVBench/videos/TIV2V/00145.mp4,IntelligentVBench/images/TIV2V/00145.png,"add the plush duck toy in the image onto the blue couch, positioned to the right of the child and in front of the blue patterned pillow."
local_add,00146,IntelligentVBench/videos/TIV2V/00146.mp4,IntelligentVBench/images/TIV2V/00146.png,"add the seated person in the image back into the hospital bed, facing the doctor."
local_add,00147,IntelligentVBench/videos/TIV2V/00147.mp4,IntelligentVBench/images/TIV2V/00147.png,"add the seated man in the image on the left side of the curved desk, body angled toward the center"
local_add,00148,IntelligentVBench/videos/TIV2V/00148.mp4,IntelligentVBench/images/TIV2V/00148.png,add the white hatchback car in the image that moves with the shadow on the left of the centerline.
local_add,00149,IntelligentVBench/videos/TIV2V/00149.mp4,IntelligentVBench/images/TIV2V/00149.png,"Add the small bird in the image perched on the banana slice tied to the branch, constantly twitching its head."
local_add,00150,IntelligentVBench/videos/TIV2V/00150.mp4,IntelligentVBench/images/TIV2V/00150.png,add the person in the image seated next to the person in the wheelchair.
local_add,00151,IntelligentVBench/videos/TIV2V/00151.mp4,IntelligentVBench/images/TIV2V/00151.png,"add the dark wooden stool in the image to the right side, positioned in front of the easel with the colorful painting."
local_add,00152,IntelligentVBench/videos/TIV2V/00152.mp4,IntelligentVBench/images/TIV2V/00152.png,"add the seated person in the image on the right side of the boat deck, facing the water and cityscape."
local_add,00153,IntelligentVBench/videos/TIV2V/00153.mp4,IntelligentVBench/images/TIV2V/00153.png,"add the young boy in the image to stand on the red carpet to the left, facing slightly right, with the festival backdrop and crowd visible behind him."
local_add,00154,IntelligentVBench/videos/TIV2V/00154.mp4,IntelligentVBench/images/TIV2V/00154.png,"add the person in the image sitting in the driver's seat of the yellow car, resting their left arm on the window and looking slightly to the right."
local_add,00155,IntelligentVBench/videos/TIV2V/00155.mp4,IntelligentVBench/images/TIV2V/00155.png,add the person in the image to hold a small object at eye level on the left side of the white couch.
local_add,00156,IntelligentVBench/videos/TIV2V/00156.mp4,IntelligentVBench/images/TIV2V/00156.png,"add the man in the image on the left, facing the yellow convertible car in the garage."
local_add,00157,IntelligentVBench/videos/TIV2V/00157.mp4,IntelligentVBench/images/TIV2V/00157.png,"add the parrot in the image perched on a branch inside a wire cage, receiving a piece of cucumber from a human hand reaching through the cage bars."
local_add,00158,IntelligentVBench/videos/TIV2V/00158.mp4,IntelligentVBench/images/TIV2V/00158.png,"add the potted plant in the image onto the top of the gray cabinet in the background, positioned near the red and white object."
local_add,00159,IntelligentVBench/videos/TIV2V/00159.mp4,IntelligentVBench/images/TIV2V/00159.png,add the white car in the image driving on the dirt road
local_add,00160,IntelligentVBench/videos/TIV2V/00160.mp4,IntelligentVBench/images/TIV2V/00160.png,add the woman in the image to stand to the left of the man and look at the man.
local_add,00161,IntelligentVBench/videos/TIV2V/00161.mp4,IntelligentVBench/images/TIV2V/00161.png,"add the young girl in the image standing in the tree hollow, secretly giggling behind her hand."
local_add,00162,IntelligentVBench/videos/TIV2V/00162.mp4,IntelligentVBench/images/TIV2V/00162.png,add the young girl in the image to stand to the right of the boy and to the left of the cow.
local_add,00163,IntelligentVBench/videos/TIV2V/00163.mp4,IntelligentVBench/images/TIV2V/00163.png,"add the person in the image walking steadily with the woman, positioned in the center-right along the cherry blossom pathway."
local_add,00164,IntelligentVBench/videos/TIV2V/00164.mp4,IntelligentVBench/images/TIV2V/00164.png,add the plant in the image to the right side near the window.
local_add,00165,IntelligentVBench/videos/TIV2V/00165.mp4,IntelligentVBench/images/TIV2V/00165.png,add the silver sedan in the image parked at the roadside
local_add,00166,IntelligentVBench/videos/TIV2V/00166.mp4,IntelligentVBench/images/TIV2V/00166.png,add the flower in the image to the windowsill on the right side.
local_add,00167,IntelligentVBench/videos/TIV2V/00167.mp4,IntelligentVBench/images/TIV2V/00167.png,"add the animated character in the image standing confidently in front of the red fire truck, talking to the camera."
local_add,00168,IntelligentVBench/videos/TIV2V/00168.mp4,IntelligentVBench/images/TIV2V/00168.png,"add the person in the image standing on the poolside patio near the woman in blue pants, interacting with her."
local_add,00169,IntelligentVBench/videos/TIV2V/00169.mp4,IntelligentVBench/images/TIV2V/00169.png,"add the man in the image holding a phone to his ear, seated at the wooden desk with laptop and papers."
local_add,00170,IntelligentVBench/videos/TIV2V/00170.mp4,IntelligentVBench/images/TIV2V/00170.png,"add the black dog in the image, sitting attentively on the pavement in front of the man."
local_add,00171,IntelligentVBench/videos/TIV2V/00171.mp4,IntelligentVBench/images/TIV2V/00171.png,"add the man in the image standing on the cobblestone pavement, facing the woman and dancing with her."
local_add,00172,IntelligentVBench/videos/TIV2V/00172.mp4,IntelligentVBench/images/TIV2V/00172.png,"add the man in the image on the left, facing right toward the seated woman, hands clasped in front and then organizing his clothes."
local_add,00173,IntelligentVBench/videos/TIV2V/00173.mp4,IntelligentVBench/images/TIV2V/00173.png,"add the man in the image standing on the right side of the street corner, talking to the woman."
local_add,00174,IntelligentVBench/videos/TIV2V/00174.mp4,IntelligentVBench/images/TIV2V/00174.png,add the person in the image walking with the woman in the center.
local_add,00175,IntelligentVBench/videos/TIV2V/00175.mp4,IntelligentVBench/images/TIV2V/00175.png,"add the man in the image standing on the right side with dynamic posture and expressive gestures, in front of the green-paneled wall and beside the reception counter."
local_add,00176,IntelligentVBench/videos/TIV2V/00176.mp4,IntelligentVBench/images/TIV2V/00176.png,"add the silver car in the image onto the dirt road near the lake, keeping still."
local_add,00177,IntelligentVBench/videos/TIV2V/00177.mp4,IntelligentVBench/images/TIV2V/00177.png,"add the small animated figure in the image, standing on the dirt path in front of the bear, with her body facing forward and head slightly tilted upward."
local_add,00178,IntelligentVBench/videos/TIV2V/00178.mp4,IntelligentVBench/images/TIV2V/00178.png,add the young girl in the image to stand in the center of the group of characters and behind them.
local_add,00179,IntelligentVBench/videos/TIV2V/00179.mp4,IntelligentVBench/images/TIV2V/00179.png,"add the small dog in the image running on the paved plaza, following closely behind the person."
local_add,00180,IntelligentVBench/videos/TIV2V/00180.mp4,IntelligentVBench/images/TIV2V/00180.png,"add jovial santa claus in the image to the center, with speech bubble 'merry christmas' above head, surrounded by gift bags and ornaments against red sparkling background."
local_add,00181,IntelligentVBench/videos/TIV2V/00181.mp4,IntelligentVBench/images/TIV2V/00181.png,"add the man in the image, standing on the left and introducing the car."
local_add,00182,IntelligentVBench/videos/TIV2V/00182.mp4,IntelligentVBench/images/TIV2V/00182.png,"add the woman in the image back onto the sofa, positioned between the woman in the pink dress and the man in the dark blazer."
local_add,00183,IntelligentVBench/videos/TIV2V/00183.mp4,IntelligentVBench/images/TIV2V/00183.png,"add the white lace tablecloth in the image onto the round table, covering its surface."
local_add,00184,IntelligentVBench/videos/TIV2V/00184.mp4,IntelligentVBench/images/TIV2V/00184.png,add the person in the image standing in the center and slowly bowing
local_add,00185,IntelligentVBench/videos/TIV2V/00185.mp4,IntelligentVBench/images/TIV2V/00185.png,add the small wooden stool in the image near the base of the blue curtain to the right of the person.
local_add,00186,IntelligentVBench/videos/TIV2V/00186.mp4,IntelligentVBench/images/TIV2V/00186.png,"add the pigeon in the image onto the cobblestone street near the man's feet, slightly to the left."
local_add,00187,IntelligentVBench/videos/TIV2V/00187.mp4,IntelligentVBench/images/TIV2V/00187.png,"add the animated kite in the image, floating freely in the sky."
local_add,00188,IntelligentVBench/videos/TIV2V/00188.mp4,IntelligentVBench/images/TIV2V/00188.png,add the clear glass of water in the image on the wooden cutting board.
local_add,00189,IntelligentVBench/videos/TIV2V/00189.mp4,IntelligentVBench/images/TIV2V/00189.png,add the seagull in the image flying in the sky near the top left quadrant.
local_add,00190,IntelligentVBench/videos/TIV2V/00190.mp4,IntelligentVBench/images/TIV2V/00190.png,add the small potted green plant in the image on the white shelf behind the man near the 'barkley' sign.
local_add,00191,IntelligentVBench/videos/TIV2V/00191.mp4,IntelligentVBench/images/TIV2V/00191.png,add the coffee mug in the image onto the desk near the keyboard.
local_add,00192,IntelligentVBench/videos/TIV2V/00192.mp4,IntelligentVBench/images/TIV2V/00192.png,add the round wall clock in the image onto the empty wall space
local_add,00193,IntelligentVBench/videos/TIV2V/00193.mp4,IntelligentVBench/images/TIV2V/00193.png,add the wooden hiking stick in the image to be held in the  hand of the person walking.
local_add,00194,IntelligentVBench/videos/TIV2V/00194.mp4,IntelligentVBench/images/TIV2V/00194.png,add the pair of black-framed sunglasses in the image on the person's eyes.
local_add,00195,IntelligentVBench/videos/TIV2V/00195.mp4,IntelligentVBench/images/TIV2V/00195.png,add the snowman in the image to stand on the snow field near the footprints.
local_add,00196,IntelligentVBench/videos/TIV2V/00196.mp4,IntelligentVBench/images/TIV2V/00196.png,add the wooden chopsticks in the image diagonally across the bottom right edge of the plate.
local_add,00197,IntelligentVBench/videos/TIV2V/00197.mp4,IntelligentVBench/images/TIV2V/00197.png,add the quadcopter drone in the image hovering above the off-road vehicle.
local_add,00198,IntelligentVBench/videos/TIV2V/00198.mp4,IntelligentVBench/images/TIV2V/00198.png,add the bicycle in the image leaning against the street light on the left side.
local_add,00199,IntelligentVBench/videos/TIV2V/00199.mp4,IntelligentVBench/images/TIV2V/00199.png,add the checkered kitchen towel in the image draped over the edge of the kitchen island in front of the woman.
local_add,00200,IntelligentVBench/videos/TIV2V/00200.mp4,IntelligentVBench/images/TIV2V/00200.png,add the floor lamp in the image behind the man on the right.
local_add,00201,IntelligentVBench/videos/TIV2V/00201.mp4,IntelligentVBench/images/TIV2V/00201.png,add the red canoe in the image floating on the water near the left side.
local_add,00202,IntelligentVBench/videos/TIV2V/00202.mp4,IntelligentVBench/images/TIV2V/00202.png,add the small white motorboat in the image on the water.
local_add,00203,IntelligentVBench/videos/TIV2V/00203.mp4,IntelligentVBench/images/TIV2V/00203.png,add the wristwatch in the image on the wrist of the hand holding the pear.
local_add,00204,IntelligentVBench/videos/TIV2V/00204.mp4,IntelligentVBench/images/TIV2V/00204.png,add the colorful throw pillow in the image lying on the woman's back.
local_add,00205,IntelligentVBench/videos/TIV2V/00205.mp4,IntelligentVBench/images/TIV2V/00205.png,add the dark green backpack in the image onto the person's back.
local_add,00206,IntelligentVBench/videos/TIV2V/00206.mp4,IntelligentVBench/images/TIV2V/00206.png,add the wall clock in the image to the plain wall to the left of the person.
local_add,00207,IntelligentVBench/videos/TIV2V/00207.mp4,IntelligentVBench/images/TIV2V/00207.png,add the small glass vase with flowers in the image onto the wooden table near the coffee cup.
local_add,00208,IntelligentVBench/videos/TIV2V/00208.mp4,IntelligentVBench/images/TIV2V/00208.png,add the seagull in the image to stand on the sand.
local_add,00209,IntelligentVBench/videos/TIV2V/00209.mp4,IntelligentVBench/images/TIV2V/00209.png,add the delicate silver chain necklace in the image around the person's neck.
local_add,00210,IntelligentVBench/videos/TIV2V/00210.mp4,IntelligentVBench/images/TIV2V/00210.png,add the colorful patterned scarf in the image around the person's neck.
